{"cameraMode":{"drawMode":0,"name":"Shaded","section":"Shading Mode"},"sceneLighting":false,"audioPlay":false,"sceneViewState":{"showFog":true,"showMaterialUpdate":false,"showSkybox":true,"showFlares":true,"showImageEffects":true,"showParticleSystems":true},"in2DMode":false,"pivot":{"x":2.3910701274871828,"y":0.9546817541122437,"z":-5.655366897583008},"rotation":{"x":0.08435821533203125,"y":0.29721686244010928,"z":-0.02637266181409359,"w":0.9507104754447937},"size":0.45788395404815676,"orthographic":false}